,Air Temperature,Wet Bulb Temperature,Humidity,Rain Intensity,Interval Rain,Total Rain,Precipitation Type,Wind Direction,Wind Speed,Maximum Wind Speed,Barometric Pressure,Solar Radiation,Heading,dew_point,Rain Intensity_log,Interval Rain_log,Total Rain_log,Wind Direction_log,Maximum Wind Speed_log,Solar Radiation_log,gust_factor,barometric_pressure_rolling_7h,barometric_pressure_rolling_12h,humidity_rolling_12h,humidity_rolling_24h
Air Temperature,1.0,0.7934357633602865,0.056890327693724464,-4.3607566870586724e-05,0.03858874176733415,0.3777756243797914,-0.07061169574433149,-0.09922440486763162,-0.22774497163825436,-0.12349062026337243,-0.2607798790968223,0.11811778092781833,0.0670388486138566,0.9402794400883638,-0.009991204467679435,0.03442183546629181,0.3893783640785422,-0.01709406643501211,-0.08674242558550178,0.03324117914881528,-0.12349062026336972,-0.08267053201812648,-0.13178120974448182,-0.03253776228984423,-0.011744629329235305
Wet Bulb Temperature,0.7934357633602865,1.0,0.16574682089165482,0.02901501104794857,0.050806972766024076,0.3820265335815132,-0.02554021105054462,-0.10793449537222181,-0.1476540760185437,-0.11346071654552324,-0.21867160895006885,0.08223712942374597,0.1276960653005899,0.7898067941158083,0.02277261450882041,0.05172959044140239,0.3581219853027547,-0.03302508523265438,-0.07898082989438422,-0.008037984635053572,-0.11346071654552636,-0.07270920788955416,-0.1131123442515481,0.032242135846907445,0.05205219469471363
Humidity,0.056890327693724464,0.16574682089165482,1.0,0.15472610159237243,0.18076712501231998,0.09494299532716907,0.2189466618131579,-0.11456455686187678,-0.004413873091679013,0.07301457377306766,-0.20841479543374236,-0.11237152690320146,-0.08102571834497457,0.3884587491122205,0.16846761674722494,0.24634759555396038,0.08279376984748138,0.007833271334649164,0.08482275103911319,-0.05262429796656923,0.0730145737730666,0.0048212093734659005,-0.04140113523416798,0.47909442403518726,0.5400456265969916
Rain Intensity,-4.3607566870586724e-05,0.02901501104794857,0.15472610159237243,1.0,0.43651440919134316,0.00543006951842656,0.5504138303527359,-0.005837155079383999,0.05511155205779452,0.04932112397803765,-0.10991090891727817,-0.05073460023226589,-0.01824556728026787,0.04586617835325432,0.9791342271279598,0.5334854274502451,0.018573819231992823,0.003123830865762683,0.03502757963368365,-0.028979904616578938,0.04932112397803964,-0.0849393132496843,-0.10070717200916017,0.10072461397794863,0.11599813029052883
Interval Rain,0.03858874176733415,0.050806972766024076,0.18076712501231998,0.43651440919134316,1.0,0.026226887105516513,0.3088212652325885,-0.0028777012750918402,0.040850919488364876,0.04630705548414818,-0.10759482984326821,-0.04448983779281235,-0.018699129017634722,0.09056518974324923,0.43076953358182346,0.8919097062105839,0.03036224408312159,0.01082195770670258,0.03464707530898484,-0.03048047612580048,0.04630705548414891,-0.07758895851712874,-0.0959132796774887,0.12103690688461227,0.13831014737681
Total Rain,0.3777756243797914,0.3820265335815132,0.09494299532716907,0.00543006951842656,0.026226887105516513,1.0,-0.026728258377762132,0.04039999820963462,-0.07860688907484492,-0.00412624686488205,-0.032947586324106104,0.028428671292069645,-0.19962788407062415,0.3851233937600901,0.0013509030984021212,0.01315169521525891,0.8190281528534356,0.08434239437202244,0.034154017430243426,-0.034490277958821,-0.004126246864883632,-0.007221239044554387,-0.004760080922270876,0.02299116824514288,0.004411780307692182
Precipitation Type,-0.07061169574433149,-0.02554021105054462,0.2189466618131579,0.5504138303527359,0.3088212652325885,-0.026728258377762132,1.0,-0.016256914155459674,0.058926541430743926,0.04526103650055561,-0.15246055919753623,-0.07204001811973579,-0.00731829214203565,-0.0002666022051488507,0.6197708033469651,0.44834603588005123,-0.008591069553187444,-0.01118713606919848,0.027665707721580224,-0.029811118480723552,0.04526103650055547,-0.09201743296141637,-0.11753767984582192,0.14374759497593773,0.17484346865152336
Wind Direction,-0.09922440486763162,-0.10793449537222181,-0.11456455686187678,-0.005837155079383999,-0.0028777012750918402,0.04039999820963462,-0.016256914155459674,1.0,-0.09465924921375,0.4216692884139925,-0.011688037092545256,-0.11772836200439507,-0.07812401302135442,-0.1297768832075426,-0.006492866880581103,-0.01169381648006737,-0.04783317074082878,0.8656954243850926,0.5585838048310957,-0.19397200001949147,0.4216692884139907,0.1934236926630469,0.1409071320357274,-0.03146773504243783,-0.107439929857825
Wind Speed,-0.22774497163825436,-0.1476540760185437,-0.004413873091679013,0.05511155205779452,0.040850919488364876,-0.07860688907484492,0.058926541430743926,-0.09465924921375,1.0,0.6002854697978337,-0.08625504252932996,0.0560671522848317,-0.1853955148220035,-0.2159090911306582,0.055514777494206045,0.05383597214492766,-0.12804730753492685,-0.10465417847711803,0.3625667107705063,0.09983271444009552,0.6002854697978338,-0.07186313493755005,-0.054927276438101476,-0.03862067638859161,0.01858905424353309
Maximum Wind Speed,-0.12349062026337243,-0.11346071654552324,0.07301457377306766,0.04932112397803765,0.04630705548414818,-0.00412624686488205,0.04526103650055561,0.4216692884139925,0.6002854697978337,1.0,-0.043172436855564794,0.0119110379203628,-0.18423621387244038,-0.09504947764723307,0.048246757975085895,0.06105842814322244,-0.07707719195929644,0.5699529842126907,0.9343336032823912,0.0022013376052908433,1.0000000000000089,0.08836792326346106,0.04346256687044958,0.030905463184168255,0.060252504977392284
Barometric Pressure,-0.2607798790968223,-0.21867160895006885,-0.20841479543374236,-0.10991090891727817,-0.10759482984326821,-0.032947586324106104,-0.15246055919753623,-0.011688037092545256,-0.08625504252932996,-0.043172436855564794,1.0,0.04945120918377974,0.008875223705087684,-0.30137101390450904,-0.12023421796329531,-0.15750365902257593,-0.04579402718676854,0.03187643074420969,0.006423063888997426,0.034912375366082146,-0.043172436855562324,0.19104475947249605,0.2949345156385821,-0.02465136676863511,-0.0854264167099685
Solar Radiation,0.11811778092781833,0.08223712942374597,-0.11237152690320146,-0.05073460023226589,-0.04448983779281235,0.028428671292069645,-0.07204001811973579,-0.11772836200439507,0.0560671522848317,0.0119110379203628,0.04945120918377974,1.0,-0.04836694272811954,0.07142405239987164,-0.05642727039910904,-0.06092923269171403,0.06800265122364346,-0.10786333237693971,-0.029728797764259258,0.8300316170523805,0.011911037920365122,0.015793097361886506,0.056623948472441434,-0.15639745133699415,0.012911106166864379
Heading,0.0670388486138566,0.1276960653005899,-0.08102571834497457,-0.01824556728026787,-0.018699129017634722,-0.19962788407062415,-0.00731829214203565,-0.07812401302135442,-0.1853955148220035,-0.18423621387244038,0.008875223705087684,-0.04836694272811954,1.0,0.03756792469825004,-0.01727262045145027,-0.013578884992299083,-0.04992686532693412,-0.08516645228007294,-0.13915667533512485,-0.07255030822576128,-0.1842362138724372,0.0657522747098367,0.0317934869430404,-0.03667162448805508,-0.02423122271718882
dew_point,0.9402794400883638,0.7898067941158083,0.3884587491122205,0.04586617835325432,0.09056518974324923,0.3851233937600901,-0.0002666022051488507,-0.1297768832075426,-0.2159090911306582,-0.09504947764723307,-0.30137101390450904,0.07142405239987164,0.03756792469825004,1.0,0.04059790019851468,0.10648820746547784,0.3917244634481607,-0.014342329863503422,-0.05659752515344835,0.011255464787757637,-0.09504947764723441,-0.0677332326227809,-0.1276689648164009,0.13579780532082325,0.16862836684051452
Rain Intensity_log,-0.009991204467679435,0.02277261450882041,0.16846761674722494,0.9791342271279598,0.43076953358182346,0.0013509030984021212,0.6197708033469651,-0.006492866880581103,0.055514777494206045,0.048246757975085895,-0.12023421796329531,-0.05642727039910904,-0.01727262045145027,0.04059790019851468,1.0,0.5446741554625689,0.014745833403935468,0.0021956615605537243,0.03432760259168173,-0.032790084379487654,0.04824675797508547,-0.09089808510591647,-0.10842642159270895,0.11002690371047225,0.127107315518292
Interval Rain_log,0.03442183546629181,0.05172959044140239,0.24634759555396038,0.5334854274502451,0.8919097062105839,0.01315169521525891,0.44834603588005123,-0.01169381648006737,0.05383597214492766,0.06105842814322244,-0.15750365902257593,-0.06092923269171403,-0.013578884992299083,0.10648820746547784,0.5446741554625689,1.0,0.024915077295418232,0.009259941733609995,0.045835044460367465,-0.03603805778365207,0.06105842814322101,-0.11468543864228774,-0.13940767638588553,0.16388838067328906,0.192519431802479
Total Rain_log,0.3893783640785422,0.3581219853027547,0.08279376984748138,0.018573819231992823,0.03036224408312159,0.8190281528534356,-0.008591069553187444,-0.04783317074082878,-0.12804730753492685,-0.07707719195929644,-0.04579402718676854,0.06800265122364346,-0.04992686532693412,0.3917244634481607,0.014745833403935468,0.024915077295418232,1.0,-0.03268109512882478,-0.05968974427820228,0.058555218348313835,-0.07707719195929558,0.020664875654504426,0.012618696983376585,0.031001980752194097,0.012159532178046769
Wind Direction_log,-0.01709406643501211,-0.03302508523265438,0.007833271334649164,0.003123830865762683,0.01082195770670258,0.08434239437202244,-0.01118713606919848,0.8656954243850926,-0.10465417847711803,0.5699529842126907,0.03187643074420969,-0.10786333237693971,-0.08516645228007294,-0.014342329863503422,0.0021956615605537243,0.009259941733609995,-0.03268109512882478,1.0,0.7616831778054312,-0.215316151959195,0.5699529842126866,0.13155093639614102,0.08134523145530102,0.016908546117463785,-0.018993102707974573
Maximum Wind Speed_log,-0.08674242558550178,-0.07898082989438422,0.08482275103911319,0.03502757963368365,0.03464707530898484,0.034154017430243426,0.027665707721580224,0.5585838048310957,0.3625667107705063,0.9343336032823912,0.006423063888997426,-0.029728797764259258,-0.13915667533512485,-0.05659752515344835,0.03432760259168173,0.045835044460367465,-0.05968974427820228,0.7616831778054312,1.0,-0.08313642373022348,0.9343336032823722,0.12434790831874205,0.07625704250781568,0.040037101147802866,0.058204391144433536
Solar Radiation_log,0.03324117914881528,-0.008037984635053572,-0.05262429796656923,-0.028979904616578938,-0.03048047612580048,-0.034490277958821,-0.029811118480723552,-0.19397200001949147,0.09983271444009552,0.0022013376052908433,0.034912375366082146,0.8300316170523805,-0.07255030822576128,0.011255464787757637,-0.032790084379487654,-0.03603805778365207,0.058555218348313835,-0.215316151959195,-0.08313642373022348,1.0,0.002201337605294356,-0.006972932224480578,0.0449005661331442,-0.11744062565541338,0.07132921121993299
gust_factor,-0.12349062026336972,-0.11346071654552636,0.0730145737730666,0.04932112397803964,0.04630705548414891,-0.004126246864883632,0.04526103650055547,0.4216692884139907,0.6002854697978338,1.0000000000000089,-0.043172436855562324,0.011911037920365122,-0.1842362138724372,-0.09504947764723441,0.04824675797508547,0.06105842814322101,-0.07707719195929558,0.5699529842126866,0.9343336032823722,0.002201337605294356,1.0,0.08836792326346214,0.0434625668704508,0.030905463184169066,0.06025250497739249
barometric_pressure_rolling_7h,-0.08267053201812648,-0.07270920788955416,0.0048212093734659005,-0.0849393132496843,-0.07758895851712874,-0.007221239044554387,-0.09201743296141637,0.1934236926630469,-0.07186313493755005,0.08836792326346106,0.19104475947249605,0.015793097361886506,0.0657522747098367,-0.0677332326227809,-0.09089808510591647,-0.11468543864228774,0.020664875654504426,0.13155093639614102,0.12434790831874205,-0.006972932224480578,0.08836792326346214,1.0,0.8539909096160465,-0.019336242576971308,-0.08971417212041279
barometric_pressure_rolling_12h,-0.13178120974448182,-0.1131123442515481,-0.04140113523416798,-0.10070717200916017,-0.0959132796774887,-0.004760080922270876,-0.11753767984582192,0.1409071320357274,-0.054927276438101476,0.04346256687044958,0.2949345156385821,0.056623948472441434,0.0317934869430404,-0.1276689648164009,-0.10842642159270895,-0.13940767638588553,0.012618696983376585,0.08134523145530102,0.07625704250781568,0.0449005661331442,0.0434625668704508,0.8539909096160465,1.0,-0.058806119477706066,-0.14186852095999558
humidity_rolling_12h,-0.03253776228984423,0.032242135846907445,0.47909442403518726,0.10072461397794863,0.12103690688461227,0.02299116824514288,0.14374759497593773,-0.03146773504243783,-0.03862067638859161,0.030905463184168255,-0.02465136676863511,-0.15639745133699415,-0.03667162448805508,0.13579780532082325,0.11002690371047225,0.16388838067328906,0.031001980752194097,0.016908546117463785,0.040037101147802866,-0.11744062565541338,0.030905463184169066,-0.019336242576971308,-0.058806119477706066,1.0,0.5097351720420924
humidity_rolling_24h,-0.011744629329235305,0.05205219469471363,0.5400456265969916,0.11599813029052883,0.13831014737681,0.004411780307692182,0.17484346865152336,-0.107439929857825,0.01858905424353309,0.060252504977392284,-0.0854264167099685,0.012911106166864379,-0.02423122271718882,0.16862836684051452,0.127107315518292,0.192519431802479,0.012159532178046769,-0.018993102707974573,0.058204391144433536,0.07132921121993299,0.06025250497739249,-0.08971417212041279,-0.14186852095999558,0.5097351720420924,1.0
